<OPEN>17/09;<HIGH>17/09;<LOW>17/09;<CLOSE>17/09;<OPEN> 17/11;<HIGH> 17/11;<LOW> 17/11;<CLOSE> 17/11;<OPEN> 15/12;<HIGH>15/12;<LOW> 15/12;<CLOSE> 15/12;<OPEN> 17/12;<HIGH> 17/12;<LOW> 17/12;<CLOSE> 17/12
108230;108380;108000;108110;117280;117690;116990;117100;111880;112180;111880;112110;111030;111160;111030;111080
108110;108110;107960;108010;117100;117100;116810;117070;112120;112260;112040;112240;111080;111110;111040;111080
108010;108070;107960;107960;117070;117170;117050;117130;112240;112330;112210;112260;111080;111150;110920;111090
107950;108080;107950;108060;117150;117160;117000;117020;112270;112280;112110;112190;111090;111260;111090;111230
108060;108150;108040;108080;117030;117130;117000;117110;112200;112270;112140;112240;111220;111230;111160;111170
108070;108070;107930;107930;117130;117150;117060;117130;112240;112310;112230;112250;111180;111190;111060;111130
107960;107960;107650;107740;117140;117240;117140;117180;112260;112350;112260;112280;111140;111190;111130;111140
107760;107880;107760;107810;117160;117160;117030;117040;112280;112340;112240;112340;111130;111200;111120;111190
107830;107920;107830;107920;117040;117050;116900;116960;112340;112340;112260;112280;111190;111200;111150;111180
107900;107920;107810;107920;116940;117000;116890;116990;112300;112300;112260;112280;111190;111200;111100;111120
107940;107940;107790;107820;117000;117020;116920;116950;112270;112370;112220;112220;111130;111290;111130;111170
107820;107820;107770;107820;116950;116990;116900;116980;112220;112230;112170;112220;111180;111200;111130;111160
107820;107890;107800;107840;116970;116980;116910;116960;112230;112270;112210;112240;111160;111220;111160;111200
107860;107960;107860;107940;116940;116970;116860;116880;112240;112280;112180;112280;111190;111250;111160;111240
107930;107930;107800;107870;116870;116880;116750;116820;112270;112280;112210;112260;111230;111280;111190;111220
107820;107850;107780;107800;116830;116830;116660;116790;112280;112280;112150;112200;111220;111230;111130;111150
107770;107830;107750;107790;116780;116790;116630;116680;112190;112250;112160;112230;111150;111230;111150;111200
107780;107860;107720;107860;116670;116720;116660;116710;112230;112240;112160;112240;111220;111450;111220;111360
107890;107930;107890;107930;116710;116790;116640;116780;112230;112270;112180;112260;111350;111390;111340;111340
107860;107900;107820;107890;116790;116840;116740;116750;112260;112330;112230;112320;111350;111440;111350;111370
107860;107890;107810;107810;116760;116800;116710;116790;112310;112380;112260;112270;111380;111470;111380;111430
107810;107810;107750;107780;116790;116800;116700;116740;112270;112310;112230;112310;111440;111480;111400;111460
107780;107800;107750;107770;116710;116760;116700;116730;112310;112380;112310;112330;111470;111580;111450;111480
107780;107850;107780;107830;116720;116740;116650;116660;112330;112350;112290;112330;111490;111510;111440;111440
107830;107830;107760;107760;116660;116780;116650;116770;112320;112370;112290;112310;111450;111470;111440;111460
107750;107750;107680;107750;116780;116820;116730;116740;112310;112400;112180;112200;111470;111630;111470;111590
107740;107790;107700;107730;116750;116800;116740;116790;112200;112250;112180;112190;111590;111600;111480;111520
107730;107860;107730;107850;116800;116810;116770;116810;112190;112260;112180;112240;111530;111550;111460;111470
107780;107800;107750;107800;116810;116820;116770;116810;112240;112280;112090;112150;111460;111550;111460;111550
107860;107860;107810;107820;116810;116830;116740;116750;112160;112210;112150;112200;111540;111590;111540;111590
107810;107900;107810;107860;116740;116750;116660;116700;112220;112260;112170;112230;111580;111630;111550;111560
107890;107970;107890;107970;116690;116720;116660;116670;112230;112300;112230;112260;111560;111600;111550;111580
107970;108010;107940;107970;116660;116760;116640;116720;112260;112310;112240;112290;111580;111590;111480;111520
107980;108020;107960;108000;116730;116740;116650;116690;112290;112340;112280;112310;111530;111550;111480;111490
107980;108080;107980;108030;116700;116750;116690;116710;112320;112420;112290;112390;111490;111550;111430;111450
108030;108060;108010;108020;116720;116720;116650;116690;112390;112460;112370;112380;111450;111520;111430;111460
108020;108060;108010;108040;116700;116750;116670;116730;112380;112390;112310;112360;111470;111480;111400;111400
108060;108110;108020;108020;116750;116910;116730;116910;112360;112410;112350;112400;111400;111480;111400;111460
108050;108090;108020;108050;116910;116920;116830;116890;112380;112430;112360;112390;111470;111500;111450;111460
108050;108070;107990;108020;116910;117000;116900;117000;112400;112430;112350;112400;111470;111520;111440;111440
108030;108040;107900;107930;117000;117020;116930;116940;112400;112430;112360;112390;111440;111470;111430;111440
107920;107920;107880;107900;116940;117000;116910;116920;112390;112440;112390;112400;111440;111480;111380;111430
107880;107920;107850;107920;116930;116970;116920;116920;112400;112460;112390;112410;111450;111480;111440;111440
107910;107970;107910;107970;116940;116980;116940;116970;112410;112500;112410;112480;111440;111470;111400;111430
107910;107960;107910;107960;116980;117060;116970;117010;112480;112530;112420;112510;111430;111510;111420;111490
107930;107940;107910;107930;117010;117030;116960;116960;112510;112560;112480;112500;111510;111530;111480;111510
107930;107940;107930;107940;116970;117000;116910;116940;112490;112600;112460;112550;111520;111520;111500;111520
107900;107910;107880;107910;116940;116950;116880;116900;112570;112620;112530;112570;111530;111570;111520;111530
107920;107930;107890;107890;116890;116920;116880;116910;112570;112670;112550;112640;111530;111540;111490;111530
107850;107870;107850;107860;116900;116960;116900;116900;112640;112700;112640;112680;111530;111580;111530;111540
107880;107880;107750;107800;116900;116920;116860;116890;112670;112700;112630;112640;111540;111570;111530;111570
107800;107800;107710;107720;116900;116900;116850;116870;112640;112680;112640;112680;111570;111590;111520;111520
107700;107790;107680;107770;116870;116950;116870;116940;112680;112700;112610;112640;111540;111570;111500;111510
107780;107780;107540;107560;116940;116960;116910;116910;112640;112650;112610;112650;111510;111520;111470;111480
107530;107560;107520;107540;116910;116990;116910;116990;112650;112690;112640;112670;111480;111490;111430;111430
107540;107620;107540;107600;116980;117000;116890;116940;112680;112720;112670;112700;111450;111530;111440;111530
107590;107630;107560;107600;116930;117030;116920;116970;112700;112720;112610;112610;111520;111530;111460;111480
107640;107680;107640;107660;116960;116980;116910;116930;112610;112670;112600;112660;111490;111520;111480;111500
107620;107640;107610;107640;116930;116950;116900;116910;112650;112670;112620;112670;111500;111530;111470;111490
107620;107650;107560;107590;116900;116950;116890;116900;112670;112710;112660;112670;111480;111500;111450;111460
107580;107590;107350;107430;116920;116920;116720;116830;112660;112670;112450;112550;111460;111470;111390;111430
107430;107430;107350;107400;116820;116830;116770;116770;112550;112620;112540;112580;111440;111450;111380;111400
107460;107480;107460;107480;116770;116830;116760;116820;112580;112610;112550;112550;111410;111430;111320;111360
107400;107400;107400;107400;116820;116820;116780;116820;112550;112640;112550;112580;111360;111410;111330;111340
107420;107420;107380;107420;116820;116880;116790;116830;112590;112600;112530;112550;111360;111380;111290;111330
107430;107450;107430;107450;116820;116880;116820;116830;112550;112640;112530;112600;111320;111370;111310;111350
107450;107450;107430;107430;116840;116940;116830;116930;112620;112630;112520;112580;111340;111370;111320;111350
107410;107420;107370;107390;116920;116950;116760;116780;112590;112650;112550;112550;111350;111360;111290;111310
107410;107430;107390;107390;116780;116810;116700;116790;112560;112670;112550;112640;111300;111370;111280;111360
107400;107460;107400;107430;116800;116800;116760;116760;112650;112760;112620;112740;111350;111360;111310;111350
107400;107440;107350;107440;116760;116820;116730;116730;112740;112780;112710;112720;111340;111450;111320;111430
107470;107500;107460;107500;116740;116760;116660;116670;112720;112780;112700;112760;111440;111520;111400;111490
107510;107590;107510;107560;116680;116680;116550;116580;112760;112890;112760;112870;111500;111540;111420;111420
107580;107580;107530;107560;116590;116600;116560;116580;112870;112890;112830;112850;111420;111430;111380;111380
107570;107570;107530;107560;116580;116620;116560;116610;112850;112880;112830;112860;111370;111430;111370;111430
107570;107640;107570;107630;116620;116650;116610;116640;112860;112910;112770;112880;111430;111450;111410;111430
107670;107670;107650;107670;116640;116660;116630;116640;112890;113070;112860;113040;111410;111460;111390;111420
107670;107670;107620;107620;116630;116750;116630;116740;113050;113090;113020;113080;111420;111440;111370;111440
107680;107680;107650;107650;116750;116810;116750;116780;113070;113110;113050;113100;111440;111440;111360;111390
107660;107660;107660;107660;116760;116780;116690;116720;113110;113140;113070;113130;111390;111400;111330;111330
107660;107660;107640;107650;116730;116740;116620;116660;113110;113200;113110;113130;111340;111400;111330;111400
107650;107650;107580;107580;116660;116760;116640;116750;113140;113140;113080;113120;111390;111600;111380;111570
107570;107570;107530;107550;116750;116850;116750;116810;113110;113110;113010;113040;111570;111580;111500;111540
107520;107550;107480;107550;116820;116820;116770;116800;113050;113120;113010;113090;111550;111550;111390;111450
107570;107630;107560;107630;116800;116840;116770;116790;113100;113130;112990;113030;111430;111470;111410;111460
107620;107690;107620;107620;116800;116810;116710;116750;113030;113060;112970;113010;111450;111470;111410;111430
107680;107680;107600;107610;116750;116780;116740;116750;113010;113050;113010;113020;111440;111450;111390;111440
107600;107600;107570;107570;116750;116800;116730;116780;113040;113050;113000;113000;111430;111440;111380;111380
107540;107590;107530;107570;116770;116780;116730;116750;113010;113040;112990;113000;111380;111400;111330;111380
107560;107640;107550;107580;116740;116780;116680;116680;112990;113010;112970;112980;111380;111420;111320;111410
107600;107620;107580;107620;116690;116730;116670;116710;112990;113020;112930;112990;111410;111420;111340;111380
107640;107640;107570;107570;116720;116740;116700;116710;113000;113040;112920;112940;111390;111450;111390;111400
107580;107620;107580;107620;116700;116750;116670;116720;112950;113090;112930;113040;111410;111420;111380;111400
107620;107640;107550;107610;116720;116740;116700;116700;113040;113060;113010;113060;111400;111430;111390;111430
107590;107620;107580;107620;116700;116760;116700;116760;113070;113160;113050;113150;111430;111470;111420;111440
107620;107630;107600;107600;116770;116770;116740;116740;113150;113150;113030;113030;111440;111470;111430;111470
107650;107660;107580;107580;116740;116760;116700;116710;113030;113070;112970;112980;111470;111500;111420;111450
107600;107650;107600;107650;116730;116760;116710;116720;112970;113030;112970;113010;111430;111490;111430;111450
107620;107620;107590;107590;116730;116730;116700;116720;113000;113020;113000;113010;111450;111490;111450;111470
107590;107610;107590;107610;116710;116810;116710;116800;113010;113060;112980;112990;111480;111500;111450;111500
107600;107640;107600;107630;116800;116920;116800;116880;112990;113010;112960;112990;111500;111530;111490;111510
107640;107640;107570;107580;116870;116890;116830;116870;112990;113010;112920;112970;111520;111520;111450;111470
107590;107590;107570;107580;116860;116880;116790;116800;112960;112970;112870;112880;111470;111500;111470;111500
107570;107570;107540;107560;116790;116810;116770;116770;112890;112970;112870;112920;111490;111530;111480;111510
107550;107590;107530;107540;116780;116800;116760;116760;112920;112970;112880;112920;111510;111540;111480;111520
107510;107560;107490;107530;116780;116790;116700;116710;112920;112980;112890;112900;111530;111550;111490;111530
107580;107580;107580;107580;116700;116720;116670;116690;112900;112930;112870;112890;111540;111570;111520;111550
107530;107530;107520;107520;116690;116690;116630;116680;112890;112940;112770;112780;111540;111570;111530;111560
107500;107530;107470;107530;116670;116700;116670;116690;112790;112840;112770;112820;111560;111700;111560;111610
107470;107470;107470;107470;116690;116740;116680;116740;112820;112850;112750;112770;111620;111670;111600;111610
107480;107500;107470;107490;116750;116750;116690;116690;112760;112830;112720;112800;111620;111640;111550;111560
107500;107560;107500;107550;116690;116700;116660;116660;112790;112840;112790;112820;111570;111590;111560;111570
107550;107550;107520;107520;116650;116680;116650;116680;112820;112870;112810;112830;111570;111600;111550;111590
107530;107530;107500;107500;116670;116680;116650;116670;112830;112860;112790;112790;111590;111610;111510;111600
107490;107490;107490;107490;116680;116710;116640;116640;112790;112800;112710;112780;111600;111700;111570;111660
107470;107480;107450;107460;116640;116680;116630;116640;112780;112800;112730;112780;111660;111800;111660;111730
107450;107450;107440;107440;116640;116650;116620;116630;112780;112790;112670;112690;111750;111880;111730;111840
107440;107470;107410;107470;116620;116640;116610;116620;112690;112690;112590;112640;111830;111850;111800;111840
107480;107500;107470;107470;116610;116660;116610;116650;112640;112650;112560;112600;111840;111850;111770;111790
107460;107460;107460;107460;116660;116680;116640;116670;112600;112640;112570;112570;111800;111850;111770;111790
107460;107470;107430;107430;116670;116690;116620;116680;112580;112650;112570;112640;111780;111800;111760;111770
107460;107500;107460;107500;116680;116700;116670;116690;112630;112670;112560;112580;111770;111790;111750;111770
107480;107480;107410;107410;116680;116700;116670;116700;112600;112630;112510;112550;111780;111790;111760;111780
107400;107400;107380;107380;116690;116700;116600;116600;112570;112590;112530;112580;111770;111850;111760;111820
107390;107390;107390;107390;116610;116620;116570;116610;112590;112650;112580;112640;111830;111830;111730;111770
107400;107410;107340;107410;116600;116620;116580;116580;112630;112630;112550;112570;111770;111860;111770;111840
107450;107460;107450;107460;116570;116630;116550;116610;112560;112620;112520;112610;111830;111830;111770;111790
107470;107540;107460;107540;116610;116630;116580;116610;112620;112680;112590;112630;111790;111830;111780;111790
107540;107540;107450;107450;116620;116630;116600;116620;112630;112690;112620;112620;111800;111830;111780;111800
107460;107500;107450;107450;116610;116620;116580;116590;112630;112650;112590;112590;111810;111830;111790;111790
107430;107430;107430;107430;116600;116630;116570;116600;112580;112740;112570;112730;111790;111790;111750;111790
107420;107520;107400;107520;116610;116610;116530;116580;112730;112890;112730;112800;111780;111840;111780;111840
107530;107560;107500;107540;116570;116590;116530;116580;112800;112950;112800;112940;111840;111860;111780;111820
107530;107560;107490;107520;116570;116580;116500;116510;112940;112940;112860;112890;111810;111820;111780;111780
107490;107540;107490;107510;116520;116600;116500;116550;112880;112910;112860;112890;111790;111830;111780;111820
107500;107500;107470;107470;116560;116560;116460;116470;112870;112990;112860;112980;111820;111860;111820;111860
107410;107410;107410;107410;116470;116560;116470;116550;112980;113000;112890;112910;111860;111940;111850;111900
107400;107420;107390;107420;116560;116570;116520;116530;112910;112960;112890;112950;111900;111910;111850;111850
107410;107410;107410;107410;116530;116580;116520;116550;112960;112990;112890;112970;111850;111920;111850;111870
107390;107390;107370;107390;116560;116590;116530;116580;112970;113000;112920;112930;111880;111900;111830;111840
107380;107420;107380;107420;116580;116620;116560;116610;112940;112970;112830;112860;111840;111870;111830;111840
107410;107410;107410;107410;116610;116660;116580;116630;112850;112870;112800;112830;111830;111850;111820;111820
107400;107410;107400;107410;116630;116700;116600;116610;112830;112900;112810;112870;111820;111840;111780;111780
107420;107420;107420;107420;116600;116640;116590;116590;112860;112870;112800;112850;111790;111830;111770;111820
107410;107470;107410;107470;116590;116620;116560;116580;112860;112860;112800;112800;111830;111850;111800;111820
107500;107510;107500;107510;116590;116590;116500;116510;112810;112840;112790;112810;111810;111810;111760;111800
107520;107560;107520;107550;116510;116520;116410;116460;112820;112840;112760;112760;111790;111810;111770;111780
107570;107650;107560;107600;116450;116500;116440;116480;112760;112810;112760;112770;111780;111820;111770;111810
107640;107670;107640;107670;116480;116510;116410;116430;112770;112830;112750;112810;111810;111840;111780;111820
107650;107650;107600;107600;116440;116450;116350;116400;112830;112830;112760;112790;111820;111900;111810;111880
107610;107610;107610;107610;116400;116480;116370;116410;112780;112800;112610;112670;111890;111920;111860;111860
107620;107630;107620;107630;116430;116450;116360;116360;112670;112740;112650;112720;111860;111910;111840;111870
107650;107650;107600;107610;116360;116440;116360;116430;112710;112730;112690;112710;111870;111870;111800;111850
107620;107640;107620;107640;116440;116460;116390;116390;112720;112750;112710;112710;111850;111860;111820;111830
107650;107660;107620;107620;116390;116450;116380;116420;112700;112710;112640;112670;111840;111870;111840;111860
107620;107620;107620;107620;116410;116410;116360;116390;112670;112700;112650;112670;111860;111920;111850;111870
107640;107650;107640;107650;116380;116450;116380;116450;112670;112700;112620;112660;111870;111880;111810;111830
107620;107630;107620;107630;116440;116460;116410;116440;112650;112670;112580;112610;111830;111840;111790;111820
107620;107620;107580;107610;116430;116450;116420;116420;112610;112630;112540;112620;111820;111830;111780;111800
107560;107560;107550;107550;116440;116440;116340;116350;112620;112730;112600;112710;111820;111830;111790;111790
107580;107580;107560;107560;116350;116380;116300;116370;112700;112720;112600;112600;111800;111800;111790;111800
107600;107600;107520;107520;116370;116380;116320;116330;112610;112640;112600;112620;111790;111840;111780;111820
107520;107570;107520;107530;116330;116380;116310;116360;112620;112620;112580;112600;111820;111830;111780;111790
107530;107580;107530;107530;116360;116370;116330;116340;112600;112680;112600;112670;111800;111810;111770;111780
107550;107640;107550;107640;116350;116410;116330;116400;112670;112680;112610;112650;111780;111830;111770;111810
107640;107770;107620;107770;116400;116430;116370;116380;112630;112640;112560;112590;111810;111850;111810;111830
107760;107810;107730;107750;116370;116370;116310;116310;112590;112600;112550;112560;111820;111840;111780;111840
107740;107750;107670;107680;116310;116350;116270;116310;112560;112630;112550;112580;111830;111840;111810;111830
107680;107690;107660;107690;116310;116310;116240;116260;112570;112580;112500;112580;111840;111850;111810;111840
107650;107660;107650;107660;116260;116300;116250;116270;112560;112560;112390;112460;111840;111870;111820;111860
107690;107780;107690;107770;116270;116300;116260;116300;112450;112490;112410;112450;111860;111900;111830;111830
107800;107820;107720;107740;116300;116330;116250;116260;112470;112480;112370;112420;111820;111840;111800;111840
107750;107790;107730;107760;116260;116310;116240;116290;112410;112420;112360;112380;111830;111830;111810;111820
107740;107740;107700;107720;116280;116290;116230;116280;112380;112380;112260;112280;111810;111830;111810;111810
107730;107800;107720;107730;116270;116310;116260;116310;112270;112310;112230;112290;111820;111830;111820;111820
107720;107760;107720;107760;116310;116320;116270;116320;112300;112350;112270;112350;111820;111820;111780;111780
107750;107770;107700;107770;116320;116360;116300;116360;112350;112350;112310;112340;111790;111790;111770;111780
107780;107780;107710;107710;116360;116390;116290;116290;112330;112350;112290;112300;111790;111800;111760;111770
107710;107710;107660;107660;116300;116300;116240;116250;112300;112350;112290;112320;111770;111820;111770;111800
107670;107730;107670;107730;116250;116280;116150;116160;112330;112390;112260;112260;111810;111850;111790;111850
107750;107810;107740;107810;116160;116200;116130;116190;112250;112270;112150;112190;111860;111900;111830;111880
107810;107830;107810;107810;116190;116260;116170;116250;112190;112210;112050;112080;111890;112100;111890;112090
107830;107880;107830;107880;116230;116250;116200;116250;112080;112090;111970;112030;112090;112140;112020;112060
107890;108020;107890;108000;116250;116270;116220;116250;112040;112130;112020;112080;112060;112090;112030;112050
108000;108040;107990;108020;116250;116300;116240;116280;112090;112140;112060;112090;112050;112100;112050;112080
108030;108080;107960;107970;116280;116280;116180;116190;112090;112120;112050;112110;112090;112130;112060;112070
107970;107980;107940;107960;116210;116220;116160;116190;112100;112150;112060;112110;112090;112130;112070;112120
107950;107960;107940;107960;116190;116210;116180;116180;112110;112180;112110;112150;112110;112130;112060;112070
107960;108070;107960;108070;116210;116220;116170;116220;112140;112240;112140;112210;112090;112100;112070;112070
108050;108060;108050;108060;116210;116250;116210;116240;112200;112220;112160;112200;112080;112110;112070;112090
108060;108060;108030;108050;116240;116300;116220;116290;112210;112230;112190;112220;112090;112100;112070;112080
108040;108060;108040;108050;116280;116310;116270;116300;112210;112230;112190;112190;112070;112110;112060;112070
108030;108040;108020;108040;116290;116300;116250;116290;112200;112210;112190;112200;112070;112080;112050;112060
108010;108150;108010;108150;116290;116300;116260;116260;112200;112230;112190;112210;112060;112070;112040;112050
108100;108140;108090;108090;116260;116290;116250;116280;112200;112250;112180;112250;112050;112110;112030;112080
108070;108120;108060;108090;116280;116280;116240;116250;112250;112250;112180;112230;112060;112060;112040;112050
108080;108080;108030;108060;116250;116260;116230;116240;112230;112250;112200;112220;112050;112100;112030;112100
108040;108050;108030;108030;116240;116240;116190;116210;112230;112270;112180;112200;112090;112120;112060;112060
108060;108080;108060;108080;116210;116260;116200;116250;112210;112240;112200;112220;112060;112110;112030;112110
108050;108050;108020;108020;116250;116250;116140;116180;112220;112260;112220;112250;112100;112210;112100;112180
108010;108020;108000;108000;116180;116200;116140;116190;112250;112360;112200;112350;112180;112180;112110;112130
107990;108010;107990;108010;116190;116200;116150;116200;112330;112430;112330;112390;112140;112140;112100;112100
108020;108040;107990;108040;116190;116210;116140;116160;112390;112400;112290;112310;112100;112130;112100;112100
108030;108030;107980;107980;116160;116170;116110;116130;112310;112340;112300;112320;112120;112180;112100;112150
108000;108010;107980;108000;116140;116200;116130;116160;112320;112360;112270;112290;112160;112220;112160;112190
108000;108010;107980;108000;116160;116200;116130;116200;112300;112350;112290;112320;112170;112180;112140;112150
108010;108050;108010;108050;116200;116220;116180;116190;112310;112370;112300;112360;112170;112180;112120;112160
108050;108070;108040;108040;116180;116200;116150;116200;112360;112360;112260;112270;112150;112270;112150;112250
108030;108040;108030;108040;116210;116280;116180;116270;112270;112300;112220;112300;112250;112260;112190;112190
108020;108070;108020;108070;116270;116330;116250;116270;112290;112300;112210;112250;112200;112260;112180;112200
108080;108100;108040;108040;116270;116300;116270;116280;112240;112260;112090;112140;112190;112220;112170;112200
108080;108110;108080;108100;116290;116300;116260;116270;112140;112140;112050;112120;112200;112200;112170;112170
108110;108110;108020;108020;116280;116280;116230;116260;112110;112190;112090;112130;112170;112190;112160;112160
108020;108030;107970;107980;116270;116270;116250;116250;112120;112240;112090;112230;112160;112160;112090;112100
108000;108020;108000;108020;116250;116280;116240;116260;112230;112410;112230;112400;112110;112140;112100;112100
108050;108060;108050;108060;116260;116260;116200;116200;112400;112400;112250;112260;112110;112140;112100;112120
108020;108020;108010;108010;116210;116210;116160;116170;112270;112330;112270;112310;112110;112150;112110;112120
108000;108010;107970;107980;116160;116190;116130;116140;112300;112310;112240;112290;112120;112150;112110;112140
108010;108020;108000;108020;116130;116150;116100;116150;112300;112320;112260;112260;112150;112150;112110;112130
108010;108010;107980;107980;116160;116190;116120;116180;112260;112340;112240;112310;112130;112140;112110;112120
107970;108010;107970;108010;116190;116240;116190;116230;112310;112320;112210;112210;112110;112130;112090;112110
108020;108030;108000;108000;116230;116230;116200;116220;112220;112260;112200;112230;112110;112170;112110;112160
108020;108020;108000;108000;116220;116270;116210;116250;112220;112250;112190;112240;112150;112190;112140;112150
108020;108050;108000;108050;116240;116250;116180;116200;112230;112230;112170;112230;112150;112170;112150;112160
108050;108070;108050;108060;116200;116210;116160;116180;112230;112270;112220;112230;112160;112180;112130;112140
108020;108050;108010;108010;116180;116230;116160;116220;112230;112280;112190;112280;112140;112190;112140;112160
108030;108050;108030;108050;116220;116240;116200;116230;112270;112280;112220;112220;112150;112160;112120;112120
108020;108040;108020;108040;116230;116290;116220;116280;112220;112220;112130;112200;112130;112150;112120;112150
108040;108050;108040;108050;116280;116330;116280;116320;112190;112240;112190;112230;112140;112160;112120;112130
108050;108070;108030;108070;116330;116370;116310;116340;112240;112250;112220;112230;112130;112130;112090;112100
108040;108070;108040;108070;116340;116350;116300;116320;112230;112340;112230;112340;112100;112120;112090;112120
108050;108050;108010;108010;116330;116340;116300;116300;112330;112340;112260;112280;112120;112140;112090;112110
108030;108030;108030;108030;116310;116320;116260;116270;112290;112320;112270;112300;112110;112150;112110;112130
108020;108040;108020;108040;116280;116280;116220;116230;112310;112360;112310;112360;112130;112140;112110;112110
108070;108100;108070;108100;116220;116230;116180;116190;112370;112420;112370;112410;112120;112130;112100;112120
108090;108210;108090;108150;116180;116180;116140;116170;112410;112560;112400;112540;112120;112130;112100;112110
108130;108130;108060;108080;116190;116240;116170;116230;112530;112610;112530;112560;112100;112130;112100;112120
108080;108080;108040;108040;116230;116240;116140;116170;112560;112570;112510;112530;112120;112150;112120;112130
108110;108110;108070;108100;116170;116170;116120;116120;112540;112570;112530;112560;112140;112170;112130;112150
108050;108050;108000;108000;116120;116120;115880;115890;112560;112640;112550;112620;112150;112160;112060;112100
108000;108010;107990;108010;115890;116010;115870;116010;112620;112950;112620;112900;112110;112120;112090;112100
108020;108070;108020;108040;116000;116020;115940;115970;112900;112960;112870;112940;112090;112100;112070;112090
108040;108130;108040;108130;115970;116020;115950;115970;112940;112970;112880;112900;112080;112120;112080;112080
108150;108150;108110;108110;115970;115990;115960;115970;112910;112910;112860;112880;112080;112120;112080;112110
108110;108160;108110;108110;115980;115980;115920;115960;112890;112910;112840;112880;112110;112150;112080;112090
108130;108140;108090;108090;115960;116040;115950;116020;112880;112890;112800;112810;112100;112130;112070;112120
108100;108130;108090;108090;116010;116040;115970;116020;112820;112840;112790;112820;112120;112120;112090;112110
108100;108100;108080;108080;116010;116070;116000;116050;112820;112850;112790;112850;112110;112120;112100;112110
108050;108060;108050;108050;116060;116100;116050;116080;112840;112840;112780;112800;112110;112110;112020;112040
108090;108100;108090;108100;116070;116100;116050;116060;112810;112920;112800;112890;112060;112060;112020;112050
108100;108110;108090;108090;116060;116070;116010;116050;112890;112940;112880;112900;112050;112070;112040;112070
108060;108060;108060;108060;116030;116050;116000;116040;112910;112950;112870;112950;112060;112060;112030;112040
108030;108030;108000;108030;116020;116090;116020;116040;112940;112950;112910;112930;112050;112050;112020;112020
108030;108050;108030;108040;116060;116060;116030;116050;112940;113020;112940;112980;112030;112040;112010;112020
108040;108050;108040;108050;116050;116070;116000;116000;112960;113040;112960;113000;112020;112070;112010;112060
108060;108070;108060;108060;115990;116000;115910;115930;113010;113040;112920;112920;112060;112060;112020;112060
108050;108050;108050;108050;115940;115950;115900;115910;112930;113010;112920;113000;112060;112070;112040;112050
108040;108050;108030;108040;115910;115930;115880;115900;113000;113030;112950;112970;112040;112080;112040;112080
108060;108060;108060;108060;115900;115980;115880;115980;112980;113000;112940;112960;112080;112100;112060;112060
108070;108080;108040;108050;115970;116050;115950;116020;112970;113010;112950;113010;112050;112080;112050;112060
108090;108090;108090;108090;116010;116010;115950;115950;113010;113010;112990;113010;112050;112070;112020;112030
108080;108110;108080;108110;115960;116000;115940;116000;113000;113050;113000;113030;112030;112040;111940;111960
108120;108120;108120;108120;115990;116050;115990;116020;113030;113090;113030;113050;111960;111990;111940;111980
108110;108110;108090;108090;116030;116040;115990;116010;113050;113070;113050;113060;111970;112000;111970;111990
108080;108080;108080;108080;116010;116030;115950;115950;113070;113100;113030;113040;111990;112010;111980;111990
108060;108060;108060;108060;115950;115970;115890;115930;113050;113070;113020;113020;112000;112030;111980;112020
108050;108070;108050;108070;115940;116020;115930;116010;113020;113030;112950;112950;112010;112010;111980;111980
108060;108150;108060;108120;116010;116030;115940;115960;112960;113120;112950;113120;111980;111990;111950;111960
108140;108140;108110;108120;115970;115990;115900;115970;113130;113140;113050;113100;111960;111960;111910;111950
108090;108090;108050;108050;115970;116000;115920;115920;113100;113110;113070;113090;111950;111990;111940;111970
108060;108060;108060;108060;115940;116020;115920;116000;113080;113100;113060;113070;111980;111990;111950;111960
108110;108110;108080;108080;116000;116020;115970;116010;113070;113140;113070;113090;111950;111960;111920;111940
108060;108060;108060;108060;116010;116030;115980;115990;113080;113100;113050;113070;111940;112000;111930;111990
108060;108120;108060;108120;116000;116020;115970;115970;113050;113060;113020;113060;111990;111990;111910;111910
108120;108140;108110;108140;115970;115980;115820;115890;113050;113060;113020;113020;111920;112000;111910;111990
108120;108120;108100;108100;115880;115910;115870;115910;113030;113080;113020;113050;111990;112010;111950;111960
108110;108110;108100;108100;115910;115910;115890;115900;113050;113060;112990;113000;111960;111990;111950;111970
108090;108140;108090;108140;115890;115890;115800;115850;113000;113050;113000;113020;111960;111970;111860;111860
108120;108150;108120;108130;115830;115880;115830;115840;113020;113030;113000;113020;111870;111960;111870;111940
108160;108330;108150;108330;115830;115890;115820;115870;113040;113070;113020;113050;111940;111980;111930;111970
108330;108330;108270;108270;115870;115920;115840;115910;113050;113080;113030;113060;111980;111990;111970;111970
108260;108280;108250;108260;115900;115920;115830;115830;113050;113090;113050;113060;111970;111990;111960;111960
108250;108270;108230;108270;115840;115900;115830;115880;113050;113120;113050;113090;111980;112050;111970;112010
108270;108270;108240;108240;115880;115890;115830;115840;113080;113090;113030;113060;112010;112050;112010;112030
108280;108310;108270;108270;115840;115850;115820;115820;113050;113050;112970;112970;112030;112060;112010;112020
108260;108270;108260;108260;115810;115820;115660;115660;112970;112980;112880;112910;112020;112030;112010;112010
108270;108300;108270;108300;115660;115680;115620;115660;112910;112990;112910;112950;112020;112030;111990;111990
108290;108300;108270;108290;115650;115660;115550;115570;112940;112990;112920;112950;112000;112030;111980;112020
108310;108330;108240;108240;115590;115650;115570;115590;112940;113040;112930;113000;112030;112040;111980;111990
108240;108240;108190;108190;115600;115700;115590;115670;113010;113150;112990;113120;112000;112060;111990;112040
108170;108180;108170;108170;115660;115670;115590;115620;113120;113150;113090;113090;112040;112060;112020;112040
108140;108170;108140;108170;115610;115620;115560;115570;113100;113120;113080;113110;112040;112060;112020;112030
108160;108160;108160;108160;115570;115590;115530;115570;113100;113100;113030;113060;112030;112150;112030;112140
108150;108180;108150;108160;115570;115620;115560;115580;113050;113140;113050;113120;112140;112140;112050;112070
108160;108180;108160;108180;115570;115600;115540;115570;113120;113140;113050;113060;112080;112120;112070;112090
108150;108160;108130;108160;115580;115600;115550;115590;113070;113100;113020;113030;112100;112160;112080;112140
108160;108160;108160;108160;115590;115590;115560;115570;113030;113070;113010;113060;112140;112170;112090;112100
108140;108160;108130;108160;115570;115580;115510;115560;113050;113140;113050;113090;112110;112130;112100;112120
108160;108200;108160;108200;115560;115580;115540;115580;113080;113100;113050;113070;112110;112150;112110;112140
108230;108240;108200;108200;115580;115640;115560;115600;113090;113100;113030;113070;112140;112140;112100;112100
108230;108240;108140;108140;115620;115670;115610;115670;113080;113100;113040;113050;112100;112110;112030;112030
108180;108180;108140;108140;115670;115710;115660;115710;113050;113070;113000;113050;112040;112110;112030;112090
108130;108130;108130;108130;115700;115710;115650;115670;113050;113120;113050;113080;112100;112100;112070;112090
108120;108140;108110;108140;115670;115700;115620;115640;113080;113150;113060;113090;112090;112090;112020;112020
108150;108200;108150;108200;115630;115640;115600;115620;113080;113090;113020;113020;112020;112080;112020;112070
108220;108220;108160;108190;115620;115680;115610;115660;113020;113050;112960;112990;112070;112120;112060;112090
108200;108260;108200;108220;115670;115690;115650;115650;112990;113040;112990;113020;112080;112130;112080;112100
108190;108190;108170;108170;115650;115650;115550;115560;113020;113040;112990;112990;112090;112120;112060;112070
108130;108150;108080;108110;115580;115580;115550;115570;112990;113080;112980;113070;112080;112100;112040;112080
108110;108130;108100;108120;115570;115580;115550;115580;113080;113110;113000;113010;112060;112120;112060;112060
108110;108160;108100;108120;115570;115570;115470;115500;113000;113040;112990;113030;112060;112100;112050;112070
108110;108160;108110;108160;115490;115500;115440;115470;113020;113030;112970;113000;112090;112100;112050;112060
108160;108160;108130;108140;115450;115490;115440;115460;113000;113060;112990;113020;112060;112080;112030;112040
108130;108130;108130;108130;115460;115520;115440;115520;113010;113010;112960;112960;112040;112060;111930;111940
108140;108140;108140;108140;115520;115540;115490;115530;112970;112970;112880;112900;111950;111990;111940;111970
108140;108160;108100;108100;115530;115530;115470;115470;112900;113010;112900;112990;111970;111990;111940;111950
108100;108100;108100;108100;115460;115460;115370;115430;113000;113080;112990;113060;111950;111980;111940;111960
108100;108120;108090;108120;115430;115470;115430;115450;113060;113070;113020;113020;111950;111990;111950;111970
108130;108130;108130;108130;115450;115460;115410;115440;113030;113060;113000;113000;111960;111970;111930;111950
108160;108160;108140;108140;115450;115480;115440;115470;113010;113030;112990;113000;111950;112020;111940;112020
108130;108140;108100;108100;115480;115510;115460;115470;113010;113060;112970;113050;112010;112040;112000;112010
108140;108150;108120;108120;115460;115570;115450;115570;113050;113070;113020;113020;112010;112020;111990;112010
108160;108160;108110;108120;115570;115590;115540;115580;113020;113020;112960;112970;112010;112070;112010;112060
108100;108120;108100;108120;115570;115650;115570;115640;112980;113030;112970;113020;112060;112060;112030;112040
108110;108160;108110;108160;115650;115660;115630;115660;113020;113020;112970;112990;112030;112050;112020;112040
108160;108190;108160;108180;115650;115690;115600;115610;113000;113090;112990;112990;112040;112060;112030;112030
108180;108200;108150;108200;115630;115630;115600;115610;112990;113020;112970;113020;112040;112050;112020;112040
108190;108210;108190;108210;115610;115610;115550;115590;113010;113040;112990;113020;112040;112070;112030;112060
108210;108210;108170;108200;115580;115590;115560;115590;113020;113050;112980;113010;112060;112070;112040;112050
108180;108180;108150;108150;115580;115640;115580;115630;113010;113070;113010;113060;112060;112070;112020;112020
108170;108200;108170;108200;115620;115630;115570;115580;113040;113070;113040;113060;112030;112040;112010;112030
108200;108210;108180;108180;115580;115600;115560;115590;113060;113100;113040;113060;112040;112040;112000;112020
108190;108200;108170;108190;115590;115590;115540;115580;113050;113060;112890;112920;112030;112050;112020;112040
108200;108270;108200;108220;115600;115600;115560;115600;112920;112960;112910;112950;112040;112050;112020;112040
108200;108200;108170;108180;115600;115620;115580;115620;112950;112970;112920;112930;112030;112050;112030;112050
108180;108180;108160;108160;115600;115680;115590;115650;112940;112960;112920;112950;112050;112080;112050;112080
108190;108190;108190;108190;115670;115710;115640;115710;112940;113020;112940;112990;112080;112120;112060;112080
108200;108220;108170;108190;115710;115720;115660;115680;112980;113000;112960;112980;112090;112100;112060;112060
108200;108200;108200;108200;115680;115700;115670;115680;112970;112970;112930;112950;112060;112090;112040;112040
108190;108190;108150;108150;115690;115690;115610;115620;112960;113000;112940;112960;112050;112090;112030;112040
108150;108150;108130;108130;115630;115650;115610;115630;112960;112990;112950;112970;112050;112070;112050;112060
108130;108130;108110;108120;115630;115680;115630;115640;112970;113000;112960;112960;112060;112070;112040;112040
108120;108120;108120;108120;115650;115690;115650;115660;112950;112980;112930;112980;112060;112070;112030;112060
108170;108180;108170;108180;115650;115690;115640;115660;112970;113050;112970;113020;112070;112090;112050;112090
108170;108170;108150;108150;115660;115710;115660;115680;113030;113100;113010;113090;112090;112110;112080;112110
108160;108230;108160;108220;115680;115710;115650;115700;113090;113100;113030;113050;112110;112120;112100;112100
108240;108290;108240;108290;115690;115690;115670;115690;113050;113050;113000;113000;112090;112200;112090;112190
108280;108290;108270;108270;115690;115710;115650;115690;113020;113020;112990;113000;112190;112220;112170;112180
108290;108290;108270;108270;115680;115710;115670;115700;113010;113060;113010;113050;112190;112200;112150;112150
108270;108270;108270;108270;115700;115740;115690;115720;113050;113080;113020;113050;112160;112230;112150;112200
108270;108280;108240;108240;115720;115800;115720;115760;113050;113050;112970;113000;112200;112230;112190;112210
108270;108270;108220;108250;115760;115820;115730;115800;113010;113030;112990;113020;112220;112230;112140;112140
108220;108240;108210;108240;115800;115820;115780;115790;113030;113080;113020;113060;112140;112190;112140;112140
108240;108240;108240;108240;115810;115810;115780;115780;113060;113080;113040;113050;112140;112160;112120;112140
108250;108270;108250;108250;115770;115790;115730;115770;113040;113040;112990;113000;112150;112180;112120;112150
108250;108250;108220;108220;115770;115810;115710;115750;113000;113040;112990;112990;112160;112180;112130;112130
108210;108240;108210;108240;115760;115790;115740;115770;113000;113110;112990;113090;112140;112140;112120;112130
108250;108250;108240;108250;115780;115800;115750;115750;113090;113130;113080;113110;112130;112140;112120;112130
108260;108280;108250;108270;115760;115800;115730;115780;113110;113140;113050;113080;112120;112150;112120;112130
108270;108310;108270;108300;115780;115800;115750;115770;113090;113150;113070;113120;112120;112140;112110;112130
108250;108320;108250;108320;115760;115770;115710;115720;113120;113200;113100;113180;112130;112130;112070;112110
108300;108380;108300;108340;115710;115730;115660;115670;113180;113340;113150;113270;112100;112100;112060;112080
108320;108340;108320;108340;115670;115700;115660;115690;113280;113310;113190;113220;112080;112100;112070;112090
108340;108380;108340;108370;115690;115740;115670;115710;113210;113250;113170;113190;112090;112090;112060;112070
108370;108440;108370;108440;115720;115800;115680;115800;113180;113200;113100;113120;112080;112080;112050;112050
108430;108450;108390;108390;115800;115890;115750;115880;113110;113130;112810;112950;112050;112080;112050;112060
108390;108420;108390;108400;115890;115900;115820;115840;112960;113020;112930;112960;112060;112080;112060;112060
108410;108410;108350;108390;115840;115870;115820;115850;112950;112990;112900;112970;112050;112070;112040;112050
108370;108380;108370;108370;115860;115860;115720;115720;112970;112990;112950;112970;112060;112070;112040;112060
108360;108360;108340;108360;115710;115730;115670;115700;112970;112970;112920;112930;112060;112090;112060;112090
108360;108360;108350;108350;115690;115710;115630;115710;112930;112940;112850;112860;112090;112090;112060;112070
108340;108340;108280;108280;115700;115790;115680;115780;112870;112920;112840;112860;112060;112080;112050;112050
108260;108270;108230;108250;115780;115870;115760;115860;112870;112880;112850;112870;112060;112080;112060;112070
108260;108290;108250;108270;115860;115970;115820;115940;112860;112900;112840;112850;112070;112090;112060;112060
108290;108300;108280;108280;115940;115970;115880;115940;112850;112950;112830;112920;112060;112060;112040;112050
108280;108330;108280;108330;115940;116020;115900;115900;112920;112930;112870;112900;112050;112060;112000;112010
108360;108370;108300;108300;115900;116010;115870;115990;112900;112910;112870;112880;112020;112020;111970;111970
108310;108330;108310;108320;115980;115990;115900;115930;112890;112930;112860;112880;111990;111990;111950;111970
108320;108320;108290;108290;115920;115950;115910;115950;112870;112920;112850;112910;111970;111970;111840;111860
108280;108300;108270;108300;115950;116030;115910;116030;112920;113070;112900;113070;111870;111870;111810;111830
108290;108300;108270;108280;116020;116080;115970;116060;113070;113160;113050;113100;111830;111860;111810;111850
108320;108430;108320;108430;116050;116110;116020;116090;113110;113110;113020;113070;111860;111880;111840;111870
108420;108420;108360;108360;116090;116160;116020;116040;113080;113110;113030;113050;111870;111870;111830;111850
108360;108400;108360;108360;116040;116070;115980;116050;113040;113080;113040;113070;111840;111860;111840;111840
108360;108370;108330;108330;116060;116100;116050;116080;113060;113060;113010;113050;111840;111870;111830;111850
108380;108400;108380;108390;116090;116090;116000;116040;113040;113070;113020;113050;111850;111850;111820;111820
108360;108380;108360;108360;116020;116030;115910;115930;113050;113070;113030;113060;111820;111830;111710;111730
108390;108400;108380;108400;115930;116010;115880;115980;113060;113080;113020;113020;111740;111740;111660;111720
108390;108400;108370;108400;115990;116000;115940;115960;113020;113020;112730;112760;111730;111730;111690;111730
108410;108440;108390;108390;115970;116040;115960;115990;112750;112770;112390;112440;111710;111750;111710;111750
108390;108400;108360;108360;115970;116050;115910;115940;112430;112540;112420;112480;111740;111750;111700;111710
108380;108390;108350;108380;115950;115970;115890;115890;112480;112560;112470;112510;111720;111720;111650;111690
108380;108410;108350;108410;115890;115890;115690;115740;112510;112590;112440;112560;111680;111690;111660;111690
108410;108410;108350;108380;115740;115780;115710;115780;112570;112700;112560;112670;111680;111710;111670;111690
108350;108350;108320;108320;115770;115800;115670;115750;112680;112700;112600;112610;111690;111710;111670;111710
108340;108360;108310;108320;115720;115790;115690;115790;112600;112660;112590;112640;111710;111730;111700;111720
108300;108320;108280;108320;115790;115860;115760;115850;112660;112710;112610;112700;111710;111730;111660;111670
108330;108340;108330;108340;115850;115860;115810;115820;112690;112710;112630;112710;111660;111710;111630;111710
108360;108360;108290;108290;115820;115860;115760;115840;112710;112740;112640;112690;111700;111720;111680;111700
108320;108330;108270;108270;115850;115990;115840;115990;112690;112720;112670;112680;111690;111800;111660;111790
108270;108330;108270;108320;115980;116000;115930;115940;112680;112750;112660;112740;111800;111800;111740;111760
108330;108330;108320;108320;115940;115980;115930;115970;112750;112760;112690;112710;111760;111770;111720;111720
108310;108330;108300;108300;115970;116020;115890;115900;112700;112700;112580;112580;111730;111790;111710;111760
108310;108360;108310;108350;115900;115940;115850;115860;112590;112650;112560;112640;111760;111770;111740;111750
108330;108330;108300;108300;115850;115870;115750;115790;112640;112640;112530;112560;111740;111790;111740;111770
108280;108300;108270;108300;115780;115800;115710;115790;112550;112590;112540;112560;111770;111790;111750;111790
108330;108350;108330;108350;115790;115920;115790;115890;112560;112590;112540;112570;111780;111800;111760;111770
108360;108360;108360;108360;115900;115910;115860;115880;112570;112650;112570;112640;111760;111760;111740;111760
108360;108380;108360;108360;115890;115960;115880;115930;112620;112650;112600;112600;111760;111770;111730;111750
108360;108360;108360;108360;115930;115930;115840;115910;112630;112740;112620;112680;111740;111760;111700;111730
108370;108570;108360;108530;115920;115950;115910;115910;112690;112710;112670;112700;111730;111750;111670;111750
108550;108570;108520;108520;115900;115940;115870;115940;112690;112700;112670;112690;111730;111740;111670;111700
108520;108540;108510;108540;115930;116070;115930;116000;112690;112730;112650;112720;111710;111730;111690;111710
108510;108510;108440;108440;115980;116010;115910;115940;112720;112730;112620;112680;111710;111780;111690;111760
108450;108450;108400;108410;115960;115970;115860;115860;112690;112730;112600;112610;111760;111770;111660;111710
108400;108450;108400;108400;115860;115870;115780;115810;112620;112710;112610;112670;111720;111770;111700;111740
108400;108400;108370;108400;115810;115890;115810;115850;112670;112730;112650;112670;111740;111770;111740;111760
108370;108380;108340;108370;115850;115860;115760;115770;112670;112690;112640;112670;111760;111760;111750;111750
108360;108360;108250;108250;115790;115870;115750;115840;112670;112670;112600;112640;111760;111760;111710;111720
108260;108270;108250;108250;115850;115850;115790;115840;112630;112710;112630;112650;111730;111730;111690;111690
108300;108370;108300;108370;115840;115880;115800;115800;112650;112670;112640;112650;111690;111720;111690;111720
108340;108350;108310;108310;115800;115820;115690;115750;112640;112640;112550;112590;111710;111730;111690;111730
108330;108350;108310;108340;115740;115800;115710;115730;112590;112620;112520;112530;111730;111770;111720;111740
108360;108390;108350;108390;115730;115800;115720;115770;112530;112570;112520;112530;111740;111770;111730;111740
108380;108380;108360;108380;115760;115880;115750;115880;112530;112550;112480;112490;111740;111760;111710;111720
108370;108430;108360;108360;115880;116000;115880;116000;112480;112530;112470;112500;111720;111770;111710;111760
108400;108410;108310;108340;115990;116000;115930;115960;112500;112500;112380;112480;111770;111770;111720;111720
108370;108400;108370;108370;115960;115960;115820;115830;112480;112480;112390;112450;111740;111790;111730;111780
108380;108390;108360;108390;115840;115870;115780;115830;112450;112540;112430;112490;111790;111790;111750;111760
108380;108400;108380;108380;115830;115830;115710;115740;112490;112510;112420;112470;111760;111790;111750;111790
108390;108500;108380;108440;115740;115750;115650;115730;112460;112480;112400;112430;111790;111800;111760;111780
108450;108460;108330;108330;115720;115780;115710;115760;112420;112470;112400;112470;111770;111770;111740;111750
108330;108330;108310;108330;115760;115800;115740;115790;112460;112480;112430;112450;111760;111800;111760;111800
108340;108340;108320;108320;115790;115800;115720;115730;112460;112540;112460;112480;111790;111800;111740;111760
108370;108370;108370;108370;115730;115820;115690;115800;112480;112480;112410;112420;111750;111790;111750;111760
108360;108430;108340;108430;115790;115870;115740;115850;112430;112500;112420;112480;111760;111780;111660;111660
108450;108460;108450;108460;115850;115860;115790;115830;112490;112490;112450;112460;111670;111710;111540;111590
108480;108520;108470;108470;115810;115860;115770;115820;112460;112510;112450;112480;111580;111650;111550;111630
108470;108510;108460;108490;115800;115810;115760;115760;112490;112560;112490;112540;111620;111620;111570;111570
108470;108480;108420;108440;115770;115830;115740;115780;112540;112540;112490;112500;111570;111580;111480;111520
108460;108460;108440;108440;115770;115800;115730;115760;112500;112600;112500;112580;111520;111530;111490;111500
108440;108450;108420;108430;115740;115780;115730;115770;112570;112580;112520;112530;111490;111490;111420;111430
108410;108410;108390;108390;115770;115840;115770;115840;112530;112560;112500;112550;111430;111490;111410;111460
108390;108390;108360;108360;115830;115900;115820;115860;112540;112560;112510;112550;111460;111480;111350;111380
108380;108430;108380;108430;115850;115970;115810;115950;112550;112590;112510;112580;111380;111440;111360;111390
108460;108470;108400;108420;115960;115960;115600;115750;112580;112660;112500;112500;111390;111420;111300;111340
108460;108500;108460;108460;115740;115760;115650;115660;112500;112540;112400;112460;111330;111330;111150;111200
108490;108490;108460;108460;115660;115750;115640;115700;112450;112460;112350;112440;111190;111230;110960;111040
108480;108540;108480;108490;115690;115690;115520;115560;112450;112570;112360;112440;111030;111190;110990;111190
108510;108520;108500;108510;115560;115710;115540;115630;112440;112590;112440;112560;111190;111190;111090;111130
108540;108550;108490;108490;115650;115740;115640;115660;112550;112640;112530;112640;111140;111150;111070;111140
108480;108490;108470;108490;115650;115670;115610;115620;112640;112670;112570;112650;111150;111220;111130;111160
108520;108540;108490;108500;115610;115700;115500;115560;112660;112690;112610;112670;111170;111170;111000;111070
108500;108520;108490;108520;115560;115580;115280;115400;112670;112680;112580;112600;111060;111060;110980;111020
108520;108520;108480;108480;115380;115400;115350;115390;112610;112630;112560;112620;111000;111000;110870;110950
108490;108490;108430;108470;115380;115390;115300;115350;112620;112620;112510;112540;110950;111030;110870;110990
108480;108520;108480;108500;115350;115390;115230;115290;112530;112650;112510;112630;110990;110990;110880;110900
108510;108540;108510;108540;115280;115320;115230;115280;112630;112650;112540;112550;110890;110910;110830;110840
108550;108580;108530;108570;115270;115350;115270;115320;112550;112700;112530;112690;110840;110850;110760;110770
108570;108570;108500;108500;115320;115370;115270;115330;112690;112780;112630;112750;110760;110950;110750;110950
108530;108530;108470;108470;115330;115390;115280;115360;112740;112860;112740;112790;110950;110950;110900;110930
108480;108500;108480;108480;115350;115380;115300;115370;112790;112800;112680;112700;110940;110960;110910;110950
108480;108480;108400;108400;115370;115370;115310;115360;112710;112760;112700;112740;110940;110950;110830;110830
108390;108400;108340;108360;115360;115380;115330;115340;112740;112830;112690;112810;110830;110880;110760;110840
108370;108400;108360;108360;115350;115500;115330;115500;112800;112840;112730;112800;110830;110890;110780;110890
108370;108370;108330;108340;115490;115500;115360;115420;112800;112850;112730;112740;110890;110910;110820;110870
108330;108380;108320;108360;115420;115530;115380;115500;112740;112760;112650;112710;110890;110950;110870;110930
108340;108340;108280;108340;115490;115560;115420;115480;112710;112730;112670;112680;110930;110940;110840;110880
108320;108340;108300;108300;115490;115520;115450;115510;112680;112770;112680;112770;110860;110890;110840;110860
108310;108310;108200;108240;115520;115590;115520;115560;112770;112820;112730;112800;110860;110930;110830;110920
108200;108260;108190;108250;115560;115700;115530;115700;112790;112810;112720;112730;110920;110920;110850;110870
108250;108250;108200;108200;115690;115700;115540;115570;112730;112780;112730;112730;110880;110930;110840;110930
108190;108190;108150;108170;115560;115560;115500;115560;112740;112810;112740;112780;110930;110960;110910;110930
108160;108160;108140;108160;115570;115700;115550;115700;112770;112810;112750;112770;110920;110940;110900;110900
108170;108200;108170;108200;115690;115700;115610;115650;112770;112790;112640;112660;110910;110920;110840;110870
108200;108270;108200;108250;115640;115660;115560;115610;112650;112740;112630;112720;110880;110940;110880;110900
108280;108330;108280;108320;115600;115740;115590;115690;112720;112790;112710;112770;110910;110920;110870;110900
108310;108320;108300;108320;115680;115690;115600;115620;112780;112840;112730;112740;110890;110900;110840;110860
108320;108380;108310;108350;115620;115660;115570;115580;112730;112760;112680;112740;110860;110890;110810;110810
108350;108380;108330;108350;115580;115700;115570;115650;112740;112750;112680;112690;110820;110820;110670;110690
108350;108370;108330;108350;115630;115640;115580;115630;112690;112750;112660;112730;110690;110740;110650;110740
108330;108420;108330;108400;115640;115740;115640;115700;112730;112750;112660;112690;110740;110740;110680;110720
108400;108400;108370;108400;115700;115870;115700;115850;112700;112790;112700;112720;110720;110780;110710;110730
108420;108450;108410;108420;115850;115910;115850;115870;112710;112730;112650;112690;110750;110760;110660;110720
108430;108460;108430;108440;115870;115900;115820;115890;112690;112730;112680;112700;110710;110710;110610;110650
108470;108500;108450;108490;115890;115950;115850;115910;112700;112760;112660;112680;110640;110710;110640;110650
108500;108520;108480;108480;115920;115930;115870;115880;112670;112730;112670;112730;110650;110780;110640;110780
108490;108510;108480;108500;115880;115970;115880;115960;112740;112780;112700;112760;110770;110800;110730;110800
108500;108550;108500;108550;115970;116000;115910;115910;112760;112850;112760;112850;110800;110820;110760;110790
108540;108560;108510;108530;115910;115970;115910;115970;112850;112950;112820;112860;110790;110890;110780;110860
108530;108530;108500;108500;115980;116000;115860;115870;112860;112900;112850;112850;110860;110980;110850;110920
108500;108520;108490;108490;115870;115960;115850;115950;112860;112890;112850;112850;110940;110940;110910;110930
108530;108540;108530;108540;115950;116140;115950;116140;112870;112920;112860;112920;110930;110930;110860;110900
108530;108540;108510;108520;116130;116150;116100;116100;112920;112980;112860;112960;110880;110900;110790;110820
108540;108540;108490;108520;116110;116140;116080;116090;112980;112990;112910;112980;110830;110830;110700;110720
108520;108530;108520;108530;116080;116230;116080;116170;112980;113060;112930;113040;110710;110770;110700;110750
108540;108550;108540;108540;116170;116180;116110;116150;113050;113120;112970;113000;110750;110780;110730;110750
108530;108530;108510;108530;116160;116180;116110;116110;113000;113060;112980;113020;110760;110860;110750;110830
108530;108570;108520;108570;116110;116140;116050;116110;113030;113060;112980;113000;110830;110850;110750;110760
108550;108630;108540;108620;116120;116270;116120;116240;113010;113040;112940;112970;110750;110840;110720;110830
108600;108640;108590;108610;116240;116270;116120;116120;112970;113010;112960;112990;110820;110870;110790;110860
108610;108640;108600;108610;116120;116190;116110;116180;113000;113070;112980;113030;110860;110940;110860;110890
108610;108620;108550;108570;116180;116230;116170;116220;113020;113120;113020;113060;110900;110930;110820;110900
108540;108570;108540;108550;116220;116320;116210;116290;113070;113180;113030;113140;110900;111160;110890;111140
108570;108580;108570;108580;116300;116320;116280;116310;113160;113200;113060;113090;111150;111170;110990;111000
108570;108600;108540;108540;116310;116340;116250;116260;113110;113110;113050;113060;111000;111010;110920;110950
108540;108570;108530;108570;116250;116270;116180;116200;113060;113080;113010;113030;110930;110980;110900;110970
108550;108630;108540;108630;116190;116250;116180;116200;113030;113050;112990;113000;110970;110970;110850;110850
108630;108650;108610;108650;116190;116190;116140;116160;113000;113030;112960;112980;110860;110870;110790;110820
108650;108670;108630;108650;116160;116220;116150;116160;112980;112990;112890;112900;110810;110830;110780;110820
108650;108670;108640;108660;116160;116230;116120;116180;112890;112940;112860;112900;110820;110830;110700;110730
108670;108680;108660;108670;116200;116200;116130;116160;112890;112890;112710;112730;110730;110780;110710;110760
108660;108660;108640;108650;116170;116180;116120;116150;112710;112760;112670;112750;110750;110840;110730;110800
108660;108680;108640;108650;116150;116160;116080;116080;112740;112800;112720;112730;110800;110850;110790;110820
108680;108680;108620;108640;116080;116110;115970;115990;112730;112800;112630;112780;110820;110950;110780;110940
108630;108690;108520;108630;116000;116070;115980;116060;112780;112950;112770;112940;110950;111020;110910;110960
108590;108600;108590;108600;116080;116150;116030;116150;112920;113020;112920;112990;110960;111110;110940;111110
108570;108600;108560;108570;116150;116230;116150;116200;112980;113000;112920;112970;111110;111130;111050;111120
108580;108590;108570;108570;116200;116290;116190;116270;112970;113010;112950;112960;111110;111150;111040;111080
108580;108580;108560;108570;116260;116290;116240;116270;112980;113030;112920;112970;111170;111270;111090;111100
108570;108590;108570;108590;116290;116320;116090;116280;113060;113100;112800;112940;111100;111150;111030;111080
108590;108590;108570;108570;116260;116290;116200;116280;112930;112990;112890;112980;111070;111150;111070;111150
108580;108580;108570;108570;116280;116360;116250;116310;112970;113230;112970;113230;111150;111250;111120;111160
108580;108580;108570;108570;116310;116360;116290;116300;113230;113290;113160;113160;111170;111230;111140;111200
108580;108590;108580;108580;116300;116350;116290;116310;113180;113180;113030;113050;111200;111240;111180;111200
108580;108580;108540;108570;116310;116330;116260;116270;113050;113080;113030;113040;111180;111240;111160;111230
108580;108580;108580;108580;116280;116330;116270;116280;113040;113040;112950;112990;111240;111260;111220;111250
108570;108590;108570;108590;116270;116310;116170;116260;113000;113000;112920;112930;111250;111270;111210;111230
108580;108590;108580;108590;116260;116380;116260;116380;112910;112920;112860;112880;111230;111280;111230;111240
108590;108590;108580;108590;116390;116480;116350;116450;112880;112910;112870;112870;111240;111390;111240;111360
108580;108580;108560;108560;116450;116540;116420;116440;112870;112890;112760;112890;111370;111400;111310;111310
108570;108570;108570;108570;116440;116470;116410;116440;112890;112930;112860;112880;111320;111320;111260;111260
108590;108590;108580;108580;116430;116460;116400;116460;112890;112940;112840;112840;111270;111280;111170;111210
108580;108580;108550;108550;116460;116460;116400;116400;112870;112890;112820;112820;111210;111260;111170;111250
108580;108600;108580;108600;116410;116420;116380;116400;112830;112920;112820;112900;111260;111350;111250;111250
108590;108590;108540;108560;116410;116460;116340;116380;112910;112970;112890;112950;111240;111310;111230;111230
108550;108550;108550;108550;116370;116380;116330;116330;112940;113030;112910;113010;111230;111300;111220;111250
108560;108560;108560;108560;116330;116340;116310;116330;113010;113130;113010;113130;111260;111280;111200;111200
108550;108560;108510;108510;116330;116350;116300;116320;113140;113190;113070;113170;111210;111210;111150;111150
108510;108530;108500;108530;116330;116340;116280;116320;113170;113220;113110;113110;111150;111230;111140;111160
108510;108510;108470;108480;116320;116360;116300;116300;113120;113130;113050;113060;111150;111230;111120;111130
108470;108470;108410;108420;116300;116330;116280;116330;113080;113080;113020;113050;111140;111170;111120;111130
108410;108410;108370;108390;116330;116350;116290;116310;113040;113090;113030;113070;111130;111130;111040;111090
108400;108430;108400;108430;116290;116310;116250;116270;113060;113070;113000;113030;111090;111130;110960;110980
108420;108420;108390;108390;116270;116280;116220;116250;113060;113110;113040;113110;110990;111020;110940;110980
108420;108450;108420;108450;116260;116280;116220;116230;113100;113150;113090;113110;110990;111030;110990;110990
108460;108470;108460;108470;116220;116230;116200;116220;113120;113130;113090;113110;110990;111020;110950;110970
108470;108480;108460;108480;116210;116220;116140;116160;113110;113120;113050;113090;110960;110990;110940;110940
108490;108490;108470;108470;116180;116190;116130;116180;113100;113170;113090;113170;110950;110980;110890;110980
108480;108490;108480;108490;116180;116190;116150;116150;113170;113270;113160;113240;110980;111010;110840;110870
108480;108520;108480;108520;116150;116150;116100;116100;113240;113410;113240;113300;110870;110880;110820;110840
108520;108520;108500;108500;116100;116120;116080;116100;113310;113340;113250;113310;110840;110880;110820;110840
108520;108530;108520;108530;116110;116110;116080;116100;113310;113390;113310;113320;110820;110870;110800;110810
108530;108540;108520;108520;116100;116140;116100;116110;113340;113350;113270;113280;110830;110860;110790;110840
108520;108530;108520;108530;116120;116120;116070;116080;113280;113320;113280;113320;110840;110840;110790;110800
108530;108540;108530;108530;116080;116240;116080;116240;113300;113360;113290;113320;110800;110840;110750;110780
108540;108540;108530;108530;116240;116240;116160;116160;113320;113490;113320;113440;110790;110850;110790;110810
108530;108530;108520;108530;116170;116180;116070;116080;113450;113490;113420;113430;110830;110850;110810;110850
108530;108590;108530;108590;116070;116070;116010;116030;113440;113530;113420;113530;110840;110840;110790;110800
108570;108580;108550;108550;116030;116040;115970;115970;113530;113550;113430;113440;110790;110820;110780;110780
108550;108550;108550;108550;115990;116060;115990;116020;113450;113480;113420;113420;110780;110820;110720;110800
108540;108540;108480;108480;116020;116030;116000;116000;113420;113450;113400;113420;110810;110850;110760;110830
108460;108460;108440;108440;116010;116010;115920;115930;113440;113470;113440;113450;110830;110830;110790;110830
108440;108480;108440;108480;115940;115950;115870;115870;113450;113460;113410;113420;110820;110820;110750;110780
108490;108490;108490;108490;115870;115910;115870;115890;113430;113450;113370;113380;110780;110800;110740;110790
108490;108520;108490;108520;115900;115960;115890;115950;113390;113390;113340;113380;110800;110820;110760;110820
108530;108550;108530;108530;115940;115950;115900;115910;113350;113360;113320;113340;110810;110850;110800;110840
108530;108580;108530;108570;115900;115960;115870;115950;113350;113410;113320;113390;110830;110870;110830;110860
108570;108570;108550;108560;115960;115970;115920;115950;113400;113470;113400;113400;110860;110920;110850;110920
108550;108550;108550;108550;115950;116010;115940;115990;113410;113490;113410;113450;110920;110950;110910;110930
108550;108550;108550;108550;115980;116020;115960;115980;113440;113470;113400;113410;110950;110960;110890;110900
108540;108540;108510;108510;115990;116050;115960;116040;113420;113450;113370;113410;110900;110930;110890;110920
108510;108520;108500;108500;116010;116110;116010;116070;113410;113450;113410;113430;110910;110950;110870;110870
108540;108540;108540;108540;116060;116070;116010;116020;113420;113450;113410;113410;110870;110900;110830;110900
108540;108580;108540;108580;116030;116060;116010;116030;113420;113450;113380;113410;110880;110930;110870;110910
108580;108580;108580;108580;116040;116060;116010;116010;113410;113480;113390;113450;110910;110920;110900;110910
108570;108570;108530;108530;116020;116100;116020;116070;113430;113470;113420;113450;110900;110940;110900;110940
108540;108540;108540;108540;116080;116090;116050;116060;113450;113500;113440;113490;110920;110970;110900;110970
108550;108550;108550;108550;116060;116070;116040;116050;113480;113500;113470;113490;110960;111010;110940;110980
108570;108580;108570;108570;116060;116140;116050;116140;113510;113520;113470;113480;110990;111030;110960;111030
108560;108570;108560;108570;116140;116190;116130;116180;113490;113650;113480;113600;111020;111050;110950;110960
108580;108590;108580;108590;116180;116200;116150;116170;113590;113600;113470;113500;110960;111010;110940;110950
108550;108550;108550;108550;116180;116180;116110;116120;113470;113530;113450;113480;110940;110970;110940;110940
108550;108550;108530;108530;116130;116140;116080;116100;113470;113490;113360;113370;110960;110990;110940;110970
108540;108540;108520;108520;116100;116120;116080;116100;113370;113390;113310;113340;110970;110980;110920;110960
108540;108550;108540;108550;116110;116110;116060;116070;113330;113390;113330;113350;110960;110960;110940;110940
108550;108580;108540;108540;116080;116130;116070;116130;113360;113410;113360;113390;110940;110950;110910;110930
108560;108570;108530;108570;116140;116140;116070;116090;113400;113410;113370;113370;110930;110980;110930;110950
108570;108570;108570;108570;116080;116100;116040;116060;113360;113390;113340;113350;110940;110950;110930;110940
108570;108570;108570;108570;116050;116060;116020;116050;113360;113410;113330;113340;110930;110950;110920;110930
108550;108550;108520;108520;116060;116100;116010;116020;113350;113360;113310;113330;110940;110940;110870;110890
108550;108550;108550;108550;116020;116060;116010;116040;113330;113330;113290;113320;110890;110920;110870;110920
108550;108550;108540;108540;116030;116050;116000;116040;113310;113380;113310;113360;110920;110920;110890;110890
108530;108530;108500;108500;116050;116080;116030;116080;113360;113390;113350;113380;110890;110890;110840;110880
108500;108500;108470;108470;116080;116080;116040;116080;113370;113390;113360;113370;110870;110910;110860;110900
108480;108510;108480;108510;116070;116100;116050;116090;113380;113380;113330;113330;110900;110920;110890;110900
108490;108500;108490;108500;116080;116100;116060;116100;113340;113380;113330;113350;110900;111020;110900;110990
108480;108510;108450;108510;116090;116180;116090;116160;113350;113360;113270;113300;110980;111030;110980;111010
108490;108490;108490;108490;116160;116190;116150;116170;113290;113310;113280;113290;111010;111030;111000;111030
108540;108540;108530;108530;116160;116160;116100;116120;113290;113320;113280;113300;111030;111090;111010;111080
108570;108570;108550;108550;116110;116130;116000;116030;113310;113310;113250;113290;111080;111120;111060;111080
108540;108540;108530;108530;116030;116070;116030;116030;113280;113340;113280;113290;111090;111110;111050;111050
108540;108540;108500;108500;116030;116040;115980;115990;113300;113320;113280;113320;111050;111060;111010;111020
108500;108500;108500;108500;115990;116030;115980;116030;113330;113400;113320;113380;111010;111030;110980;110980
108560;108560;108560;108560;116020;116020;115980;115990;113370;113460;113370;113440;110980;111000;110960;110990
108550;108550;108550;108550;115990;116010;115810;115860;113440;113460;113400;113420;110990;111020;110950;111000
108550;108550;108550;108550;115870;115880;115820;115860;113420;113430;113370;113370;111000;111040;110990;111020
108530;108530;108500;108500;115840;115930;115840;115900;113380;113400;113360;113380;111010;111020;110980;110980
108520;108520;108520;108520;115900;115920;115880;115880;113390;113450;113390;113430;110980;111010;110980;111010
108580;108600;108580;108600;115880;115980;115880;115920;113430;113470;113400;113460;110990;110990;110900;110940
108600;108600;108590;108590;115920;115990;115890;115950;113450;113510;113420;113420;110930;110930;110850;110860
108600;108600;108600;108600;115940;115950;115900;115950;113420;113420;113380;113410;110860;110860;110800;110850
108590;108590;108590;108590;115950;116000;115940;115990;113410;113440;113390;113390;110850;110900;110830;110880
108590;108620;108590;108590;115970;116000;115960;115960;113400;113420;113380;113420;110880;110890;110850;110850
108610;108610;108610;108610;115960;115990;115950;115990;113430;113510;113420;113510;110850;110890;110840;110860
108610;108640;108610;108640;115970;115990;115970;115970;113500;113510;113450;113470;110860;110880;110820;110830
108640;108640;108620;108620;115970;115990;115960;115960;113460;113470;113420;113430;110850;110880;110840;110850
108640;108640;108610;108610;115970;115980;115960;115980;113430;113460;113400;113410;110840;110880;110820;110870
108610;108610;108600;108600;115990;115990;115970;115970;113410;113440;113410;113410;110860;110900;110860;110860
108610;108610;108610;108610;115970;116000;115950;115990;113410;113420;113390;113390;110850;110890;110840;110870
108640;108640;108640;108640;115950;116000;115940;115970;113390;113400;113350;113360;110880;110890;110820;110840
108620;108620;108620;108620;115960;115970;115950;115960;113370;113370;113320;113340;110840;110840;110810;110820
108610;108610;108610;108610;115950;115950;115880;115890;113330;113360;113320;113350;110810;110810;110760;110800
108610;108620;108610;108620;115890;115940;115870;115940;113330;113360;113330;113330;110790;110820;110770;110810
108620;108620;108600;108600;115920;115930;115880;115900;113350;113350;113320;113350;110800;110830;110790;110810
108630;108640;108630;108630;115900;115920;115880;115900;113360;113370;113330;113360;110810;110830;110800;110820
108620;108620;108620;108620;115910;115970;115900;115960;113370;113400;113360;113360;110820;110820;110800;110820
108620;108620;108600;108600;115960;115970;115930;115930;113370;113380;113360;113380;110820;110830;110800;110820
108620;108620;108620;108620;115930;115940;115890;115890;113380;113380;113340;113340;110810;110840;110810;110840
108650;108650;108620;108620;115890;115930;115880;115910;113340;113390;113310;113380;110820;110860;110820;110840
108630;108630;108630;108630;115910;115930;115900;115930;113380;113380;113330;113340;110830;110830;110810;110810
108610;108610;108560;108570;115920;115930;115910;115930;113340;113350;113310;113340;110820;110820;110790;110790
108590;108600;108590;108590;115930;115940;115920;115920;113340;113350;113330;113340;110790;110790;110740;110740
108570;108580;108560;108580;115920;115920;115860;115860;113330;113340;113300;113310;110740;110750;110710;110720
108580;108580;108580;108580;115870;115920;115860;115890;113310;113330;113280;113280;110720;110770;110680;110700
108580;108580;108530;108540;115890;115900;115750;115830;113280;113380;113260;113370;110710;110720;110570;110670
108560;108580;108560;108580;115830;115830;115710;115780;113360;113370;113330;113330;110670;110680;110580;110610
108570;108570;108570;108570;115770;115790;115670;115690;113330;113340;113310;113320;110610;110610;110540;110550
108580;108580;108580;108580;115680;115710;115620;115680;113320;113320;113270;113290;110550;110590;110550;110570
108580;108580;108580;108580;115690;115790;115670;115790;113300;113330;113270;113320;110570;110610;110550;110600
108590;108630;108590;108630;115800;115850;115780;115850;113320;113370;113320;113370;110610;110630;110590;110610
108600;108630;108600;108630;115850;115960;115820;115890;113370;113370;113300;113310;110610;110640;110590;110610
108620;108620;108620;108620;115900;115970;115870;115930;113300;113310;113250;113260;110600;110630;110590;110590
108620;108620;108620;108620;115930;115970;115900;115920;113270;113270;113230;113270;110580;110620;110570;110580
108590;108590;108590;108590;115920;115940;115900;115940;113260;113300;113250;113280;110570;110640;110560;110640
108580;108590;108580;108590;115920;115920;115820;115860;113260;113330;113260;113330;110640;110650;110610;110640
108590;108590;108580;108580;115870;115870;115700;115770;113330;113330;113270;113290;110650;110650;110630;110650
108570;108570;108570;108570;115760;115770;115690;115730;113280;113340;113280;113330;110630;110660;110610;110630
108570;108580;108570;108580;115750;115770;115730;115750;113320;113400;113320;113400;110630;110640;110570;110590
108570;108600;108570;108590;115760;115780;115720;115720;113400;113420;113380;113390;110580;110620;110570;110610
108590;108590;108570;108570;115730;115730;115640;115650;113390;113470;113390;113420;110610;110640;110590;110590
108570;108570;108560;108560;115650;115720;115620;115680;113420;113430;113390;113410;110590;110610;110570;110580
108560;108560;108560;108560;115670;115700;115670;115680;113410;113440;113370;113440;110580;110660;110570;110650
108550;108550;108550;108550;115690;115740;115660;115720;113450;113510;113430;113490;110640;110710;110640;110680
108550;108550;108550;108550;115720;115740;115680;115720;113500;113580;113490;113500;110680;110680;110620;110660
108550;108560;108530;108530;115710;115710;115470;115490;113500;113620;113490;113590;110660;110680;110640;110670
108540;108540;108490;108490;115490;115550;115450;115460;113600;113690;113570;113640;110670;110690;110660;110680
108520;108520;108500;108510;115460;115520;115440;115500;113650;113680;113620;113650;110690;110700;110670;110680
108510;108540;108500;108540;115480;115490;115410;115420;113670;113750;113670;113740;110680;110680;110640;110660
108530;108530;108530;108530;115430;115580;115400;115540;113740;113800;113740;113790;110660;110670;110610;110610
108530;108530;108520;108520;115560;115610;115530;115600;113800;113850;113750;113760;110630;110630;110580;110610
108530;108530;108530;108530;115600;115800;115560;115750;113780;113840;113750;113790;110610;110630;110600;110630
108550;108570;108540;108540;115760;115760;115690;115720;113800;113840;113780;113820;110630;110730;110630;110720
108550;108560;108550;108550;115710;115750;115690;115710;113810;113880;113810;113880;110710;110730;110690;110710
108530;108530;108520;108520;115710;115710;115580;115600;113870;113890;113850;113890;110710;110730;110700;110700
108530;108530;108530;108530;115600;115660;115520;115640;113900;113950;113870;113920;110700;110710;110660;110660
108550;108550;108550;108550;115630;115700;115580;115680;113940;113960;113910;113910;110660;110680;110630;110640
108580;108580;108580;108580;115670;115680;115620;115640;113930;113930;113820;113850;110650;110650;110620;110630
108580;108580;108580;108580;115620;115630;115560;115590;113830;113900;113810;113870;110620;110640;110600;110610
108580;108580;108560;108560;115590;115620;115560;115590;113870;114040;113870;114040;110620;110670;110580;110670
108560;108610;108560;108610;115590;115610;115490;115600;114030;114040;113940;113960;110670;110680;110650;110660
108600;108620;108590;108620;115580;115700;115540;115690;113970;114010;113920;113930;110650;110660;110630;110630
108610;108610;108580;108580;115680;115700;115640;115670;113940;113950;113890;113930;110620;110620;110560;110560
108590;108590;108580;108580;115670;115700;115600;115640;113920;114000;113920;113960;110580;110580;110390;110450
108570;108580;108570;108580;115640;115680;115610;115610;113970;113970;113870;113880;110440;110530;110440;110510
108580;108580;108560;108560;115610;115750;115600;115690;113890;113930;113860;113870;110520;110520;110430;110440
108550;108550;108550;108550;115690;115750;115670;115730;113870;113910;113850;113880;110430;110470;110400;110470
108530;108530;108530;108530;115730;115770;115710;115720;113890;113900;113860;113890;110460;110480;110440;110450
108520;108520;108500;108520;115730;115770;115670;115680;113890;113940;113850;113880;110450;110480;110410;110480
108530;108540;108530;108540;115700;115770;115680;115730;113870;113880;113830;113860;110480;110490;110440;110470
108550;108550;108530;108530;115720;115730;115710;115730;113860;113920;113830;113890;110470;110560;110470;110540
108570;108570;108570;108570;115710;115720;115690;115690;113890;113980;113890;113930;110540;110570;110530;110550
108570;108570;108570;108570;115680;115720;115680;115690;113910;113920;113760;113810;110560;110590;110520;110550
108570;108570;108570;108570;115700;115710;115650;115680;113790;113800;113720;113720;110560;110560;110500;110510
108570;108580;108570;108580;115680;115690;115660;115690;113740;113740;113670;113680;110510;110520;110450;110490
108580;108590;108570;108590;115690;115690;115660;115680;113680;113750;113670;113750;110500;110500;110440;110460
108570;108570;108570;108570;115690;115690;115640;115690;113750;113810;113730;113770;110450;110460;110400;110430
108570;108570;108570;108570;115690;115690;115680;115680;113770;113790;113740;113770;110420;110510;110410;110470
108570;108580;108570;108580;115690;115790;115690;115770;113750;113810;113750;113800;110470;110490;110440;110480
108580;108580;108570;108570;115770;115810;115770;115780;113810;113880;113810;113840;110470;110490;110400;110410
108570;108570;108570;108570;115770;115840;115770;115830;113840;113900;113820;113890;110400;110480;110400;110460
108570;108570;108560;108560;115820;115870;115820;115850;113900;113910;113840;113860;110460;110550;110440;110550
108520;108520;108500;108500;115840;115850;115800;115840;113870;113870;113760;113760;110540;110560;110520;110550
108500;108500;108470;108470;115820;115830;115780;115780;113760;113810;113750;113790;110540;110550;110490;110530
108470;108470;108420;108430;115780;115800;115740;115740;113790;113810;113730;113750;110500;110530;110450;110530
108460;108460;108430;108430;115750;115760;115720;115750;113740;113790;113680;113700;110540;110580;110530;110570
108420;108420;108410;108410;115760;115820;115750;115790;113700;113750;113670;113730;110560;110570;110510;110560
108460;108460;108460;108460;115780;115780;115720;115760;113730;113740;113680;113740;110550;110550;110510;110520
108460;108460;108460;108460;115760;115770;115740;115740;113730;113750;113700;113720;110510;110520;110480;110490
108470;108470;108470;108470;115760;115770;115670;115690;113710;113710;113660;113710;110480;110510;110470;110470
108470;108470;108460;108470;115670;115740;115670;115720;113700;113730;113690;113730;110460;110490;110450;110480
108440;108440;108410;108440;115710;115730;115660;115680;113710;113730;113680;113730;110490;110510;110480;110500
108460;108460;108430;108430;115700;115710;115680;115690;113750;113770;113710;113750;110500;110500;110440;110450
108410;108410;108410;108410;115690;115780;115690;115760;113760;113770;113740;113760;110450;110470;110410;110420
108400;108400;108400;108400;115780;115820;115750;115780;113760;113760;113720;113750;110420;110450;110340;110340
108410;108410;108370;108370;115770;115780;115740;115740;113740;113750;113660;113660;110340;110400;110340;110390
108390;108390;108320;108350;115750;115760;115710;115710;113680;113680;113630;113630;110390;110430;110360;110380
108330;108340;108320;108340;115710;115780;115700;115770;113640;113690;113630;113670;110370;110410;110360;110380
108350;108380;108350;108350;115760;115830;115760;115810;113650;113750;113650;113720;110390;110410;110360;110370
108350;108370;108350;108370;115800;115840;115720;115740;113720;113740;113690;113730;110390;110420;110360;110410
108440;108500;108440;108500;115730;115740;115680;115710;113730;113820;113720;113800;110400;110430;110380;110420
108460;108500;108460;108470;115710;115720;115650;115670;113800;113810;113710;113710;110420;110460;110400;110420
108460;108470;108460;108470;115680;115690;115640;115690;113720;113740;113660;113700;110420;110430;110420;110420
108430;108430;108430;108430;115690;115700;115630;115640;113700;113770;113690;113770;110420;110480;110410;110460
108430;108430;108430;108430;115640;115680;115630;115630;113770;113800;113770;113790;110460;110460;110430;110430
108430;108450;108430;108450;115630;115690;115600;115690;113790;113830;113770;113810;110440;110440;110370;110400
108440;108440;108440;108440;115680;115710;115650;115700;113810;113850;113790;113790;110400;110400;110290;110340
108430;108450;108430;108450;115700;115700;115660;115670;113790;113810;113780;113800;110340;110350;110270;110330
108440;108460;108440;108460;115660;115690;115630;115670;113800;113800;113750;113770;110320;110350;110290;110340
108420;108420;108420;108420;115690;115750;115690;115730;113780;113790;113740;113790;110350;110400;110310;110350
108420;108450;108420;108450;115730;115850;115720;115800;113780;113830;113780;113820;110350;110450;110330;110450
108450;108450;108450;108450;115790;115820;115780;115780;113810;113870;113810;113860;110450;110460;110430;110440
108450;108450;108450;108450;115790;115810;115760;115760;113860;113900;113850;113880;110440;110460;110380;110380
108450;108450;108420;108420;115760;115800;115750;115800;113890;113890;113850;113860;110390;110430;110380;110410
108410;108450;108410;108450;115790;115800;115770;115790;113860;113910;113860;113880;110410;110440;110390;110400
108440;108450;108440;108450;115780;115800;115740;115770;113890;113910;113830;113890;110400;110440;110400;110430
108450;108480;108450;108480;115770;115800;115720;115730;113890;113920;113880;113920;110440;110450;110380;110380
108480;108480;108460;108480;115720;115730;115650;115690;113920;113970;113890;113950;110380;110430;110370;110400
108480;108490;108480;108490;115700;115720;115610;115650;113970;114030;113940;113970;110380;110390;110340;110380
108490;108500;108480;108480;115630;115700;115620;115700;113970;114050;113970;113970;110390;110390;110320;110320
108480;108540;108480;108530;115690;115710;115670;115690;113980;113990;113910;113920;110320;110320;110290;110290
108490;108490;108460;108460;115680;115710;115660;115710;113910;113940;113900;113930;110290;110460;110250;110400
108470;108470;108450;108450;115700;115700;115670;115680;113940;113940;113900;113930;110390;110420;110370;110410
108450;108450;108430;108430;115670;115700;115650;115660;113920;113950;113900;113900;110420;110420;110360;110370
108470;108470;108470;108470;115690;115690;115680;115680;113910;113930;113890;113920;110380;110390;110330;110350
108430;108450;108430;108430;115680;115700;115650;115700;113920;113950;113910;113950;110360;110360;110250;110270
108460;108460;108460;108460;115710;115740;115700;115700;113950;113970;113940;113940;110260;110300;110220;110250
108460;108460;108460;108460;115710;115730;115650;115650;113940;113980;113910;113910;110260;110340;110260;110330
108420;108420;108420;108420;115650;115660;115630;115640;113920;113920;113880;113900;110320;110350;110310;110320
108420;108420;108380;108400;115630;115690;115630;115670;113900;113920;113890;113900;110330;110360;110290;110360
108400;108400;108390;108400;115660;115730;115610;115690;113910;113950;113900;113950;110360;110380;110320;110350
108400;108400;108400;108400;115710;115720;115660;115710;113950;113970;113920;113930;110350;110380;110350;110350
108390;108400;108390;108400;115710;115710;115690;115710;113930;113950;113910;113950;110340;110350;110290;110290
108400;108410;108400;108410;115720;115730;115690;115700;113960;113970;113950;113960;110290;110300;110230;110300
108450;108480;108370;108440;115700;115710;115670;115680;113970;113980;113930;113930;110300;110340;110260;110330
